block/block base_arch_single base_arch base_cross_double display_height2 base_cross_odd_table null base_cross_odd base_cross_thick base_cube_all block/cube base_cube_h base_cube_topfrontside_nobottom base_cube_topfrontside base_cube_topfrontsidebottom base_cube_topside_nobottom base_cube_topside base_cube_topsidebottom base_hourglass_side base_hourglass base_nothickness_all base_nothickness_both base_nothickness_post base_nothickness_side base_nothickness_slant base_nothickness_three base_pane_thin_all base_pane_thin_both base_pane_thin_corner base_pane_thin_post base_pane_thin_side base_pane_thin_three base_placed_table base_placed base_plate_all base_plate_h base_plate_topside base_plate base_pyramid_side base_pyramid base_rod base_shelf base_slab_all_upper base_slab_all base_slab_h_upper block/half_slab base_slab_h base_stairs_all_inner base_stairs_all_outer base_stairs_all base_stairs_h_inner base_stairs_h_outer base_stairs_h block/stairs base_stairs base_stick base_vslab_all base_vslab_h base_vslab_topside base_vslab bathrobe bathtub_clawfoot bed_frame_display booklamp_false booklamp bougainvillea coffeetable_glass_both coffeetable_glass_left coffeetable_glass_right coffeetable_glass_single coffeetable_iron_both coffeetable_iron_left coffeetable_iron_right coffeetable_iron_single gardenbench_both gardenbench_left gardenbench_right gardenbench_single hangerrack_clothes hangerrack heater_kerosene360 marinelamp_bulkhead marinelamp_deck range_retro recordplayer_wood recordplayer refrigerator_retro roundtable_greek roundtable_turnedleg_wide roundtable_turnedleg sink_plate_ceramic sink_plate speaker_small speaker table_american table transparent_ladder_item plate vase wall_ornament_middle wall_ornament wallshelf wheel_large wheel_small chair_american_black_whiteline chair_american_black chair_american_green_whiteline chair_american_green chair_american_mintgreen_whiteline chair_american_mintgreen chair_american_pink_whiteline chair_american_pink chair_american_red_whiteline chair_american_red chair_american_white_whiteline chair_american_white chair_american_yellow_whiteline chair_american_yellow chair_beach_stripe_blue chair_beach_white chair_beach_stripe_lightblue chair_beach_stripe_red chair_beach_stripe_yellow chair_dining_normal_black chair_dining_normal_brown chair_dining_normal_clear chair_dining_normal_dark chair_dining_normal_natural chair_dining_normal_shabby chair_dining_normal_white chair_dining_vintagefrench_black chair_dining_vintagefrench_brown_black chair_dining_vintagefrench_brown_red chair_dining_vintagefrench_brown_white chair_dining_vintagefrench_white chair_dining_waterhyacinth chair_dining_windsor_antique chair_dining_windsor_brown chair_dining_windsor_dark chair_dining_windsor_white chair_garden_brown chair_garden_natural chair_garden_white chair_greek_brown chair_greek_green chair_greek_lightblue chair_greek_marineblue chair_greek_pink chair_greek_red chair_greek_white chair_greek_yellow chair_iron_brown chair_iron_clear chair_iron_dark chair_iron_natural chair_iron_seadrift chair_midcentury_black chair_midcentury_white chair_midcentury_blue chair_midcentury_gray chair_midcentury_green chair_midcentury_lightbrown chair_midcentury_pink chair_midcentury_red chair_midcentury_yellow chair_paris_blue chair_paris_brown chair_paris_green chair_paris_red chair_pool_gray chair_pool_white chair_pool_resort chair_rocking gardenbench_black_both gardenbench_black_left gardenbench_black_right gardenbench_black_single gardenbench_brown_both gardenbench_brown_left gardenbench_brown_right gardenbench_brown_single gardenbench_clear_both gardenbench_clear_left gardenbench_clear_right gardenbench_clear_single gardenbench_dark_both gardenbench_dark_left gardenbench_dark_right gardenbench_dark_single gardenbench_green_both gardenbench_green_left gardenbench_green_right gardenbench_green_single gardenbench_lightblue_both gardenbench_lightblue_left gardenbench_lightblue_right gardenbench_lightblue_single gardenbench_marineblue_both gardenbench_marineblue_left gardenbench_marineblue_right gardenbench_marineblue_single gardenbench_mintgreen_both gardenbench_mintgreen_left gardenbench_mintgreen_right gardenbench_mintgreen_single gardenbench_natural_both gardenbench_natural_left gardenbench_natural_right gardenbench_natural_single gardenbench_pink_both gardenbench_pink_left gardenbench_pink_right gardenbench_pink_single gardenbench_red_both gardenbench_red_left gardenbench_red_right gardenbench_red_single gardenbench_seadrift_both gardenbench_seadrift_left gardenbench_seadrift_right gardenbench_seadrift_single gardenbench_white_both gardenbench_white_left gardenbench_white_right gardenbench_white_single gardenbench_yellow_both gardenbench_yellow_left gardenbench_yellow_right gardenbench_yellow_single ottoman_resort parkbench_black_both parkbench_dark_both parkbench_black_left parkbench_dark_left parkbench_black_right parkbench_dark_right parkbench_black_single parkbench_dark_single parkbench_light_both parkbench_light_left parkbench_light_right parkbench_light_single parkbench_white_both parkbench_white_left parkbench_white_right parkbench_white_single stool_brown stool_camp_camouflage stool_camp_natural stool_camp_vintage stool_industrial_brown stool_industrial_clear stool_industrial_dark stool_industrial_natural stool_industrial_seadrift stool_log_foot stool_log stool_log1 stool_log2 stool_shabby stool_waterhyacinth stool_white swimring_blue_water swimring_yellow_water swimring_blue swimring_yellow swimring_blue1 swimring_yellow1 swimring_donut_water swimring_donut swimring_donut1 swimring_flamingo_water swimring_flamingo swimring_red_water swimring_red swimring_red1 swimring_unicorn_water swimring_unicorn sofa_log_birch_natural_both sofa_log_birch_rustic_both sofa_log_birch_natural_left sofa_log_birch_rustic_left sofa_log_birch_natural_right sofa_log_birch_rustic_right sofa_log_birch_natural_single sofa_log_birch_rustic_single sofa_log_both sofa_log_left sofa_log_right sofa_log_single sofa_log_natural_both sofa_log_natural_left sofa_log_natural_right sofa_log_natural_single sofa_midcentury_black_both sofa_midcentury_black_left sofa_midcentury_black_right sofa_midcentury_black_single sofa_midcentury_blue_both sofa_midcentury_blue_left sofa_midcentury_blue_right sofa_midcentury_blue_single sofa_midcentury_brown_both sofa_midcentury_brown_left sofa_midcentury_brown_right sofa_midcentury_brown_single sofa_midcentury_darkbrown_both sofa_midcentury_darkbrown_left sofa_midcentury_darkbrown_right sofa_midcentury_darkbrown_single sofa_midcentury_gray_both sofa_midcentury_gray_left sofa_midcentury_gray_right sofa_midcentury_gray_single sofa_midcentury_green_both sofa_midcentury_green_left sofa_midcentury_green_right sofa_midcentury_green_single sofa_midcentury_lightbrown_both sofa_midcentury_lightbrown_left sofa_midcentury_lightbrown_right sofa_midcentury_lightbrown_single sofa_midcentury_lightorange_both sofa_midcentury_lightorange_left sofa_midcentury_lightorange_right sofa_midcentury_lightorange_single sofa_resort_both sofa_simple_black_both sofa_resort_left sofa_simple_black_left sofa_resort_right sofa_simple_black_right sofa_resort_single sofa_simple_black_single sofa_simple_blue_both sofa_simple_blue_left sofa_simple_blue_right sofa_simple_blue_single sofa_simple_gray_both sofa_simple_gray_left sofa_simple_gray_right sofa_simple_gray_single sofa_simple_green_both sofa_simple_green_left sofa_simple_green_right sofa_simple_green_single sofa_simple_lightbrown_both sofa_simple_lightbrown_left sofa_simple_lightbrown_right sofa_simple_lightbrown_single sofa_simple_lime_both sofa_simple_lime_left sofa_simple_lime_right sofa_simple_lime_single sofa_simple_red_both sofa_simple_red_left sofa_simple_red_right sofa_simple_red_single sofa_simple_white_both sofa_simple_white_left sofa_simple_white_right sofa_simple_white_single sofa_simple_yellow_both sofa_simple_yellow_left sofa_simple_yellow_right sofa_simple_yellow_single sofa_slipper_american_black_inner sofa_slipper_black_inner sofa_slipper_american_black_outer sofa_slipper_black_outer sofa_slipper_american_black sofa_slipper_black sofa_slipper_american_brown_inner sofa_slipper_american_brown_outer sofa_slipper_american_brown sofa_slipper_american_darkbrown_inner sofa_slipper_american_darkbrown_outer sofa_slipper_american_darkbrown sofa_slipper_american_green_inner sofa_slipper_american_green_outer sofa_slipper_american_green sofa_slipper_american_lightorange_inner sofa_slipper_american_lightorange_outer sofa_slipper_american_lightorange sofa_slipper_american_mintgreen_inner sofa_slipper_american_mintgreen_outer sofa_slipper_american_mintgreen sofa_slipper_american_pink_inner sofa_slipper_american_pink_outer sofa_slipper_american_pink sofa_slipper_american_red_inner sofa_slipper_american_red_outer sofa_slipper_american_red sofa_slipper_american_white_inner sofa_slipper_american_white_outer sofa_slipper_american_white sofa_slipper_american_yellow_inner sofa_slipper_american_yellow_outer sofa_slipper_american_yellow sofa_slipper_blue_inner sofa_slipper_blue_outer sofa_slipper_blue sofa_slipper_brown_inner sofa_slipper_brown_outer sofa_slipper_brown sofa_slipper_darkblue_inner sofa_slipper_darkblue_outer sofa_slipper_darkblue sofa_slipper_darkbrown_inner sofa_slipper_darkbrown_outer sofa_slipper_darkbrown sofa_slipper_darkred_inner sofa_slipper_darkred_outer sofa_slipper_darkred sofa_slipper_gray_inner sofa_slipper_gray_outer sofa_slipper_gray sofa_slipper_green_inner sofa_slipper_green_outer sofa_slipper_green sofa_slipper_lightblue_inner sofa_slipper_lightblue_outer sofa_slipper_lightblue sofa_slipper_lightbrown_inner sofa_slipper_lightbrown_outer sofa_slipper_lightbrown sofa_slipper_lightorange_inner sofa_slipper_lightorange_outer sofa_slipper_lightorange sofa_slipper_lightpurple_inner sofa_slipper_lightpurple_outer sofa_slipper_lightpurple sofa_slipper_mintgreen_inner sofa_slipper_mintgreen_outer sofa_slipper_mintgreen sofa_slipper_pink_inner sofa_slipper_pink_outer sofa_slipper_pink sofa_slipper_purple_inner sofa_slipper_purple_outer sofa_slipper_purple sofa_slipper_red_inner sofa_slipper_red_outer sofa_slipper_red sofa_slipper_white_inner sofa_slipper_white_outer sofa_slipper_white sofa_slipper_yellow_inner sofa_slipper_yellow_outer sofa_slipper_yellow sofa_vintage_black_both sofa_vintage_black_left sofa_vintage_black_right sofa_vintage_black_single sofa_vintage_brown_both sofa_vintage_brown_left sofa_vintage_brown_right sofa_vintage_brown_single toilet_black toilet toilet_brown toilet_modern bathtub_clawfoot_black_rose bathtub_clawfoot_black_water bathtub_clawfoot_black bathtub_clawfoot_white_rose bathtub_clawfoot_white_water bathtub_clawfoot_white bed_frame_iron_white bed_frame_iron bed_frame_log_birch bed_frame_log bed_frame_wood_plain_brown bed_frame_wood_plain_clear bed_frame_wood_plain_dark bed_frame_wood_plain_natural bed_frame_wood_plain_seadrift bed_frame_wood_plain_white bed_frame_wood_simple_brown bed_frame_wood_simple_clear bed_frame_wood_simple_dark bed_frame_wood_simple_natural bed_frame_wood_simple_white bed_mattress_black bed_mattress_blue bed_mattress_brown bed_mattress_darkblue bed_mattress_gray bed_mattress_green bed_mattress_lightblue bed_mattress_lightgreen bed_mattress_pink bed_mattress_purple bed_mattress_red_gingham bed_mattress_red bed_mattress_rustic bed_mattress_white_grid bed_mattress_white bed_mattress_yellow bed_pillow_black bed_pillow_blue bed_pillow_brown bed_pillow_darkblue bed_pillow_gray bed_pillow_green bed_pillow_lightblue bed_pillow_lightgreen bed_pillow_orange bed_pillow_pink bed_pillow_purple bed_pillow_red_gingham bed_pillow_red bed_pillow_rustic bed_pillow_white_grid bed_pillow_white bed_pillow_yellow bench_turnedleg_black_both bench_turnedleg_black_left bench_turnedleg_black_right bench_turnedleg_black_single bench_turnedleg_shabby_both bench_turnedleg_shabby_left bench_turnedleg_shabby_right bench_turnedleg_shabby_single bench_turnedleg_white_both bench_turnedleg_white_dark_both bench_turnedleg_white_dark_left bench_turnedleg_white_dark_right bench_turnedleg_white_dark_single bench_turnedleg_white_left bench_turnedleg_white_right bench_turnedleg_white_single coffeetable_glass_black_both coffeetable_glass_black_left coffeetable_glass_black_right coffeetable_glass_black_single coffeetable_glass_white_both coffeetable_glass_white_left coffeetable_glass_white_right coffeetable_glass_white_single coffeetable_iron_brown_both coffeetable_iron_brown_left coffeetable_iron_brown_right coffeetable_iron_brown_single coffeetable_iron_dark_both coffeetable_iron_dark_left coffeetable_iron_dark_right coffeetable_iron_dark_single coffeetable_iron_natural_both coffeetable_iron_natural_left coffeetable_iron_natural_right coffeetable_iron_natural_single coffeetable_iron_seadrift_both coffeetable_iron_seadrift_left coffeetable_iron_seadrift_right coffeetable_iron_seadrift_single coffeetable_midcentury_brown_both coffeetable_midcentury_both coffeetable_midcentury_brown_left coffeetable_midcentury_left coffeetable_midcentury_brown_right coffeetable_midcentury_right coffeetable_midcentury_brown_single coffeetable_midcentury_single coffeetable_midcentury_dark_both coffeetable_midcentury_dark_left coffeetable_midcentury_dark_right coffeetable_midcentury_dark_single coffeetable_modern_whitegold_all coffeetable_modern_whitegold_both coffeetable_modern_whitegold_corner coffeetable_modern_whitegold_side coffeetable_modern_whitegold_three coffeetable_modern_whitegold barrel_mug block/cross basket_deep_darkbrown basket_shallow_natural_apple basket_shallow_natural basket_shallow_natural1 basket_yarn beer_mug beer_weizen bicycle_black_set bicycle_black_stand bicycle_green_set bicycle_green_stand bicycle_lightblue_set bicycle_lightblue_stand bicycle_red_set bicycle_red_stand bicycle_white_set bicycle_white_stand bicycle_yellow_set bicycle_yellow_stand birdcage_iron_black birdcage_iron_black1 book_antique_table book_antique book_glasses_table book_glasses book_line_antique book_line_modern book_modern_table book_modern book_open_antique_table book_open_antique book_open_modern_table book_open_modern bottle_brown bottle_cola_line bottle_cola bottle_cola1 bottle_glass_water bottle_wine_line bottle_wine bottle_wine1 bougainvillea_leaves_drooping bougainvillea_leaves bougainvillea_orange_drooping bougainvillea_orange bougainvillea_pink_drooping bougainvillea_pink bougainvillea_red_drooping bougainvillea_red bougainvillea_white_drooping bougainvillea_white bougainvillea_yellow_drooping bougainvillea_yellow bowl_pile bread_woodtray_big bread_woodtray_empty bread_woodtray bread_woodtray1 bread_woodtray2 bread_woodtray3 bread_woodtray4 breakfast_croissant_blue breakfast_croissant breakfast_croissant_gray breakfast_toast_blue breakfast_toast breakfast_toast_gray cafelatte_glass_table cofelatte_glass cafelatte_glass cakestand_cupcake cakestand_tart_red cakestand_tart_yellow camera_silverblack captionplate_black_stand captionplate_green_stand captionplate_white_stand centralheating_si ceramicbottle_blue glassbottle_brown ceramicbottle_white champagne_double champagne_rose_double champagne_rose champagne clock_alarm cocktail_lightblue_stem cocktail_lightblue cocktail_lime_stem cocktail_lime cocktail_pink_stem cocktail_pink coconutwater coffee_cup_blue_table coffee_cup_table coffee_cup_blue coffee_cup coffee_cup_bread_table coffee_cup_bread coffee_cups_table coffee_cups coffeemill computer_laptop computer_laptop1 condiment_ketchup desklamp_black desklamp_green desklamp_lightblue desklamp_mintgreen desklamp_red desklamp_silver desklamp_white desklamp_yellow dish_pile doormat drooping_leaves_darkgreen drooping_leaves_green drooping_leaves_lightgreen fallen_leaves_gold_block block/cube_bottom_top fallen_leaves_gold_end fallen_leaves_red_end fallen_leaves_gold fallen_leaves_orange_block fallen_leaves_orange_end fallen_leaves_orange fallen_leaves_red_block cocricotmod:base_placed fallen_leaves_red falling_leaves_gold falling_leaves_orange falling_leaves_red figurine_eiffeltower figurine_lighthouse figurine_ship_antique figurine_ship fishbowl food_dish_set_natural food_dish_set_red food_pancake_berry food_pancake food_pancake_chocolate_banana food_pancake_chocolate_berry glassbottle_cottonflower glassbottle_dryplant glassbottle_flower_cute glassbottle_green hamburger_american hamburger_fastfood hamburger_plate hammock_fringe hammock_simple hammock_rope hangerrack_clothes_natural hangerrack_clothes_simple hanging_fern_lower hanging_fern_upper hanging_flower_dried hanging_flower_dried1 hanging_geometric hanging_plant_basket_flower_white hanging_plant_basket hanging_plant_macrame hanging_plant_macrame1 hat_black hat_boater hat_white jar_brown jar_cookie jar_lightbrown jar_red jar_white jar_yellow kettle_black kettle_green kettle_lightblue kettle_lightbrown kettle_lightgreen kettle_pink kettle_red_flower kettle_red kettle_retro kettle_silver kettle_white kettle_yellow ladder_pool leader_limp_leaves leader_limp leader_straight_leaves leader_straight letter_antique letter_antique1 lifebuoys_blue lifebuoys_orange lifebuoys_red lifebuoys_white lightsign_softserveicecream_small luggage_antique_small_brown luggage_antique_small_white luggage_basket_stand luggage_basket luggage_picnic marinelamp_bulkhead_antique marinelamp_bulkhead_black marinelamp_bulkhead_gold marinelamp_bulkhead_silver marinelamp_bulkhead_white marinelamp_deck_antique marinelamp_deck_black marinelamp_deck_gold marinelamp_deck_silver marinelamp_deck_white marketumbrella_black marketumbrella_blue marketumbrella_green marketumbrella_palm marketumbrella_red marketumbrella_stand marketumbrella_white masonjar_bluepunch_table masonjar_bluepunch masonjar_lemonade_table masonjar_lemonade masonjar_peach_table masonjar_peach masonjar_sunset_table masonjar_sunset melonsodafloat_table melonsodafloat menu_standframe messageinabottle milkpitcher mintchocolatechip_glass_table mintchocolatechip_glass mug_black_table mug_white_table mug_black mug_white mug_forest_table mug_forest newspaper_table newspaper paperbag papercup_pile photoframe_antique_black_down photoframe_antique_white_down pineapple pizza_margherita pizza_quattroformaggi pot_enameled_black pot_enameled_red pot_enameled_blue pot_enameled_mintgreen pot_enameled_orange pot_enameled_white pot_enameled_yellow pumpkin_small pumpkin_small1 pumpkin_small2 pumpkin_small3 pumpkin_small4 pumpkin_small5 purfume_gray purfume_pink_ purfume_pink quillpen radio range_plate recordplayer_black recordplayer_brown recordplayer_green recordplayer_mintgreen recordplayer_pink recordplayer_red recordplayer_white recordplayer_wood_antique recordplayer_wood_clear recordplayer_wood_dark recordplayer_wood_natural recordplayer_yellow rose_placed rug_cow rug_jute_round_all rug_jute_round_both rug_jute_round_corner rug_jute_round_side rug_jute_round_three rug_jute_round rug_rustic rug_shag_round_black_all rug_shag_round_black_both rug_shag_round_black_corner rug_shag_round_black_side rug_shag_round_black_three rug_shag_round_black rug_shag_round_bluegreen_all rug_shag_round_bluegreen_both rug_shag_round_bluegreen_corner rug_shag_round_bluegreen_side rug_shag_round_bluegreen_three rug_shag_round_bluegreen rug_shag_round_darkblue_all rug_shag_round_darkblue_both rug_shag_round_darkblue_corner rug_shag_round_darkblue_side rug_shag_round_darkblue_three rug_shag_round_darkblue rug_shag_round_gray_all rug_shag_round_gray_both rug_shag_round_gray_corner rug_shag_round_gray_side rug_shag_round_gray_three rug_shag_round_gray rug_shag_round_green_all rug_shag_round_green_both rug_shag_round_green_corner rug_shag_round_green_side rug_shag_round_green_three rug_shag_round_green rug_shag_round_lightblue_all rug_shag_round_lightblue_both rug_shag_round_lightblue_corner rug_shag_round_lightblue_side rug_shag_round_lightblue_three rug_shag_round_lightblue rug_shag_round_lightbrown_all rug_shag_round_lightbrown_both rug_shag_round_lightbrown_corner rug_shag_round_lightbrown_side rug_shag_round_lightbrown_three rug_shag_round_lightbrown rug_shag_round_lightgreen_all rug_shag_round_lightgreen_both rug_shag_round_lightgreen_corner rug_shag_round_lightgreen_side rug_shag_round_lightgreen_three rug_shag_round_lightgreen rug_shag_round_lime_all rug_shag_round_lime_both rug_shag_round_lime_corner rug_shag_round_lime_side rug_shag_round_lime_three rug_shag_round_lime rug_shag_round_pink_all rug_shag_round_pink_both rug_shag_round_pink_corner rug_shag_round_pink_side rug_shag_round_pink_three rug_shag_round_pink rug_shag_round_purple_all rug_shag_round_purple_both rug_shag_round_purple_corner rug_shag_round_purple_side rug_shag_round_purple_three rug_shag_round_purple rug_shag_round_red_all rug_shag_round_red_both rug_shag_round_red_corner rug_shag_round_red_side rug_shag_round_red_three rug_shag_round_red rug_shag_round_white_all rug_shag_round_white_both rug_shag_round_white_corner rug_shag_round_white_side rug_shag_round_white_three rug_shag_round_white rug_shag_round_yellow_all rug_shag_round_yellow_both rug_shag_round_yellow_corner rug_shag_round_yellow_side rug_shag_round_yellow_three rug_shag_round_yellow seagull shell shipinabottle shoes_flipflop_black_true shoes_flipflop_yellow_true shoes_flipflop_black shoes_flipflop_yellow shoes_flipflop_blue_true shoes_flipflop_blue shoes_flipflop_red_true shoes_flipflop_red shoes_flipflop_white_true shoes_flipflop_white shoes_rainboots_green_true shoes_rainboots_red_true shoes_rainboots_green shoes_rainboots_red shoes_sandal_brown_true shoes_sandal_brown shoes_sandal_white_true shoes_sandal_white shower_rain_antique shower_rain_black shower_rain_gold shower_rain_head_antique shower_rain_head_black shower_rain_head_gold shower_rain_head_silver shower_rain_silver signboard_square_lighting_down signboard_square_lighting_side signboard_square_lighting_up signboard_square_script_black signboard_square_script_white slipper_white_true slipper_white smoke_black smoke_gray smoke_white softserveicecream speaker_retro_black speaker_retro_white speaker_small_antique speaker_small_black speaker_small_brown speaker_small_clear speaker_small_dark speaker_small_natural speaker_small_white starlamp_moravian steak_ironplate steak_luxury steam_food sunglasses_blue sunglasses_brown sunglasses_gold sunglasses_pink sunglasses_red sunglasses_yellow tablelamp_geometric_pink tablelamp_geometric tablelamp_milkglass tablelamp_modern tablelamp_simple tablelamp_stainedglass_blue tablelamp_stainedglass_red tablelamp_turnedleg_antique tablelamp_turnedleg_black tablelamp_turnedleg_white tablelamp_turnedleg tapioca_cafelatte_table tapioca_cafelatte tapioca_matcha_table tapioca_matcha tapioca_matchamilk_table tapioca_matchamilk tapioca_milktea_table tapioca_milktea tapioca_strawberrymilk_table tapioca_strawberrymilk teapot_blue teddybear telephone_classic_black telephone_retro_black telephone_retro_mintgreen telephone_retro_pink telephone_retro_red telephone_retro_yellow tire_large tire_small tire_wild_large tire_wild_small tissuebox_waterhyacinth_table tissuebox_waterhyacinth toilet_hightank_black toilet_hightank_white toilet_tank tongstand towel_lightbrown towel_white weathercock wheel_large_black wheel_large_brown_rubber wheel_large_brown wheel_large_clear_rubber wheel_large_clear wheel_large_dark_rubber wheel_large_dark wheel_large_natural_rubber wheel_large_natural wheel_large_red_rubber wheel_large_red wheel_large_seadrift_rubber wheel_large_seadrift wheel_large_white_rubber wheel_large_white wheel_small_black wheel_small_brown_rubber wheel_small_brown wheel_small_clear_rubber wheel_small_clear wheel_small_dark_rubber wheel_small_dark wheel_small_natural_rubber wheel_small_natural wheel_small_red_rubber wheel_small_red wheel_small_seadrift_rubber wheel_small_seadrift wheel_small_white_rubber wheel_small_white whisky_glass wholecake_natural wine_red_double wine_red wine_white_double wine_white wineglassrack barrel_antique barrel_clear barrel_seadrift basket_deep_darkbrown_baguette box_hardpulp_black_double box_hardpulp_black box_hardpulp_white_double box_hardpulp_white box_paper_black_double box_paper_black box_paper_natural_double box_paper_natural box_paper_white_double box_paper_white cabinet_stainless_both cabinet_stainless_left cabinet_stainless_right cabinet_stainless champagne_tower_rose champagne_tower clothes_dressform_dress_antique clothes_dressform_ecru clothes_polehanger_dark clothes_polehanger_dark1 coffeegrinder_black coffeegrinder_lightgreen coffeegrinder_red coffeegrinder_white desk_antique_single desk_simple_black_both desk_simple_white_both desk_simple_black_left desk_simple_white_left desk_simple_black_right desk_simple_white_right desk_simple_black_single desk_simple_white_single desk_simple_brown_both desk_simple_brown_left desk_simple_brown_right desk_simple_brown_single drinkdispenser_berry drinkdispenser_lemon espressomachine_black espressomachine_red espressomachine_lightgreen espressomachine_silver espressomachine_white glassdome_specimen glassdome_specimen1 glassdome_specimen2 globe_antique globe_black globe_blue globe_celestial_antique globe_celestial_gold globe_colonial globe_white gramophone hangerrack_black hangerrack_brown hangerrack_clear hangerrack_dark hangerrack_iron_black hangerrack_iron_white hangerrack_natural hangerrack_seadrift hangerrack_white heater_kerosene360_black heater_kerosene360_lightgreen heater_kerosene360_white lightsign_softserveicecream menu_easel_black menu_easel menu_easel_white panrack_bread panrack_empty piano_antique piano_black piano_white postbox_black postbox_red postbox_green postbox_pink postbox_white postbox_yellow range_retro_black range_retro_blue range_retro_brown range_retro_green range_retro_lightbrown range_retro_lightgreen range_retro_mintgreen range_retro_pink range_retro_red range_retro_white range_retro_yellow range_silver rangehood_silver refrigerator_retro_black refrigerator_retro_blue refrigerator_retro_brown refrigerator_retro_green refrigerator_retro_lightbrown refrigerator_retro_lightgreen refrigerator_retro_mintgreen refrigerator_retro_pink refrigerator_retro_red refrigerator_retro_silver refrigerator_retro_white refrigerator_retro_yellow register_black register_white roundtable_greek_green roundtable_greek_lightblue roundtable_greek_marineblue roundtable_greek_pink roundtable_greek_red roundtable_greek_white roundtable_greek_yellow roundtable_paris_black roundtable_paris_white roundtable_turnedleg_antique roundtable_turnedleg_black roundtable_turnedleg_brown roundtable_turnedleg_clear_black roundtable_turnedleg_dark roundtable_turnedleg_natural roundtable_turnedleg_shabby roundtable_turnedleg_white roundtable_turnedleg_wide_antique roundtable_turnedleg_wide_black roundtable_turnedleg_wide_brown roundtable_turnedleg_wide_clear_black roundtable_turnedleg_wide_dark roundtable_turnedleg_wide_natural roundtable_turnedleg_wide_shabby roundtable_turnedleg_wide_white sidetable_rattan sink_cabinet_brown_ceramic sink_cabinet_white_ceramic sink_color_black sink_color_blue sink_color_gray sink_color_green sink_color_lightblue sink_color_lightgreen sink_color_pink sink_color_red sink_color_white sink_color_yellow sink_noplate_ceramic sink_pedestal_ceramic sink_plate_brown_ceramic sink_plate_brown sink_plate_dark_ceramic sink_plate_dark sink_plate_natural_ceramic sink_plate_natural sink_plate_seadrift_ceramic sink_plate_seadrift sink_plate_white_ceramic sink_plate_white sink_shabby_black sink_shabby_lightgreen sink_shabby_pink sink_shabby_white sink_shabby_wood sink_shabby_yellow sink_stainless speaker_antique speaker_black speaker_brown speaker_clear speaker_dark speaker_floor_antique speaker_floor speaker_floor_black speaker_floor_brown speaker_floor_clear speaker_floor_dark speaker_floor_natural speaker_floor_white speaker_natural speaker_white surfboard_stand_blue table_american_black table_american_green table_american_mintgreen table_american_pink table_american_red table_american_silver table_american_white table_american_yellow table_garden_brown table_garden_natural table_garden_white table_ironleg_black_all table_ironleg_brown_all table_ironleg_black_both table_ironleg_brown_both table_ironleg_black_corner table_ironleg_brown_corner table_ironleg_black_side table_ironleg_brown_side table_ironleg_black_three table_ironleg_brown_three table_ironleg_black table_ironleg_brown diningtable_turnedleg_brown table_ironleg_clear_all table_ironleg_clear_both table_ironleg_clear_corner table_ironleg_clear_side table_ironleg_clear_three table_ironleg_clear table_ironleg_dark_all table_ironleg_dark_both table_ironleg_dark_corner table_ironleg_dark_side table_ironleg_dark_three table_ironleg_dark table_ironleg_natural_all table_ironleg_natural_both table_ironleg_natural_corner table_ironleg_natural_side table_ironleg_natural_three table_ironleg_natural table_ironleg_seadrift_all table_ironleg_seadrift_both table_ironleg_seadrift_corner table_ironleg_seadrift_side table_ironleg_seadrift_three table_ironleg_seadrift table_ironleg_white_all table_ironleg_white_both table_ironleg_white_corner table_ironleg_white_side table_ironleg_white_three table_ironleg_white table_stainless_all table_stainless_both table_stainless_corner table_stainless_side table_stainless_three table_stainless table_wide_cloth_gingham_red vase_black vase_brown vase_darkorange vase_lightbrown vase_marineblue vase_white bathrobe_black bathrobe_gray bathrobe_pink bathrobe_red bathrobe_white captionplate_black_upper captionplate_black captionplate_green_upper captionplate_green captionplate_white_upper captionplate_white captionplate_wood_upper captionplate_wood clock_wall_antique clock_wall_cuckoo closedplate fairylights huntingtrophy_deer menu_board_black menu_board_brown menu_board_white mirror_plate mirror_rattan mirror_round neon_open neon_palmtree neon_text_big_pink neon_text_big_white openplate photoframe_antique_black photoframe_antique_white poster_american poster_modern poster_modern1 poster_modern2 signboard_wall_black signboard_wall_blue signboard_wall_green signboard_wall_white signboard_wood_simple text_black text_white wallbar_brush wallbar_cup wallbar_cuttingboard wallbar_fryingpan wallbar_ladle wallbar_towel_big wallbar_towel_small walldecor_accessories_bohemian walldecor_paper_antique walldecor_paper_antique1 walldecor_paper_antique2 walldecor_paper_antique3 walldecor_paper_botanical walldecor_paper_botanical1 walldecor_paper_botanical2 walldecor_photo walldecor_photo1 walldecor_photo2 wallpaint_palmtree_black wallpaint_palmtree_white wallphoto_big_beach_shift wallphoto_big_beach wallphoto_big_beach1_shift wallphoto_big_beach1 wallphoto_big_beach2_shift wallphoto_big_beach2 wallplate_sweet wallshelf_california wallshelf_dish_country wallshelf_jar_long wallshelf_jar wallshelf_mugcup_black wallshelf_mugcup_green wallshelf_mugcup_red wallshelf_mugcup_white wallshelf_mugcup_yellow wallshelf_wineglass
